gene, correlational coefficient, p value, size
p0001,0.5902746924962761,0.001,78
p0000,0.4093308653723865,0.001,78
